"","B.cells.naive","B.cells.memory","Plasma.cells","T.cells.CD8","T.cells.CD4.naive","T.cells.CD4.memory.resting","T.cells.CD4.memory.activated","T.cells.follicular.helper","T.cells.regulatory.Tregs.","T.cells.gamma.delta","NK.cells.resting","NK.cells.activated","Monocytes","Macrophages.M0","Macrophages.M1","Macrophages.M2","Dendritic.cells.resting","Dendritic.cells.activated","Mast.cells.resting","Mast.cells.activated","Eosinophils","Neutrophils"
"BANK1",12.8984049177312,13.1640206660181,6.77840437189676,4.81191802410865,5.34214568757154,5.1903289503233,2.56799838910511,4.32138737173428,5.10707135619026,5.82678796063853,5.08766756127519,5.2553065151954,6.45264892843603,3.00255545626993,4.08918214195076,4.91612476594789,5.65045950570061,4.35130129647422,6.33655989457942,6.54750220994883,9.95714765830676,5.32858895216798
"CXCL13",5.67751091172728,4.57112072041865,4.18959191602254,4.54580993075094,2.81249151991787,3.31573119037035,8.13714362430337,13.2258003532958,3.85840784135842,3.10051717730338,3.4628952557407,4.09804263207659,3.50052623743903,3.67281764057835,9.29675682958734,4.15062211727503,3.77758844599595,4.45493415394573,4.73927529738282,3.57840386425762,3.59804178955386,4.94441178339469
"CD160",8.80454867161018,8.14376671732986,7.02861449648547,10.1628316486232,6.85758091265949,6.98098863574523,7.32353717546195,6.2221927392974,7.96647408805236,11.6813299993581,11.2880202155182,9.42939908548039,6.56767110713332,6.4984217275613,6.10851313805937,5.24606885782911,6.1890022026043,6.3194492553496,6.02461241520322,6.59364486226111,7.41796309786281,7.86382903157932
"CST7",4.94071444721308,4.48121825403914,3.90895313434031,12.3394597470169,7.63556970752813,10.5226452781367,9.54548483161777,8.33566746086385,10.3709393410369,13.5631531742768,13.4913126068705,13.3135609930289,6.01509667760823,7.99932393899368,7.55310017953886,8.19752021797887,10.5424949749769,11.9874206372551,11.158837475943,11.2811174536682,9.26961806670741,11.1976644722822
"SELL",13.4386657931509,12.9664360173817,8.5618797686953,12.8571767164611,13.2595171394138,12.7947225540869,11.306345653606,12.0324506423169,12.3349563240638,13.3699474572204,12.4874618758478,10.636316004855,12.8225190820008,6.7131521657972,7.87757025914589,8.1710223311735,6.94197193826343,7.11197131576749,8.47163447617285,8.17849832725247,11.5518953783741,13.7446172761678
"CCL19",6.31327499041347,7.13693301155664,8.01737457303591,6.29687911028614,5.24303710969211,5.95254865099405,6.50427628051728,5.64344131750568,5.16966043821115,4.4710886785768,6.79341706654248,7.20418053573312,6.86483679207335,6.85008428292326,14.990586232972,7.10929999795789,7.42498183489908,11.5745326173593,5.28720157009953,4.33288248488481,7.26492388276423,6.88586276595869
"CD38",9.20277235341364,9.36839233719706,13.564976538194,8.32140256964951,8.21577288991452,7.68863533316803,8.94727940536357,10.1628451511356,9.44606480262083,7.8138531606685,10.4709287669906,9.76191589716631,7.89906600699604,6.52127380642889,13.5519920654513,9.33004402354879,6.06129272671067,11.7196578657523,9.67184825728479,10.4178038093963,8.2273970419346,8.64921604775883
"BST1",6.04916068510493,6.09988282505841,5.11971145214618,6.12630383732798,7.02647237657435,6.1022369419145,6.18632676850631,5.98393785791529,5.50154544652914,8.33744732220833,7.25181512613483,6.44521481644981,10.6149118523617,8.61301242832969,6.22435543156461,7.71743530630295,7.27870358062476,6.84526971576941,8.74315091904995,8.7982045623369,3.48040304150302,10.7741539539034
"GFI1",4.83979854220095,4.71166217524041,5.36758215654072,8.20281381569891,5.61718774745583,7.06579599749882,9.45462997489375,9.13488478924469,9.20093164102832,8.40244641760269,8.99373118401269,8.6268799269496,4.34933170679979,4.90850804088747,4.68184284809777,4.78703621436754,5.14189011522103,5.76205416532882,10.123659009134,9.29884895011535,5.36725591490677,5.40731262163184
"EMR1",8.96581631877274,8.58519245662413,7.6101899349431,7.6212933432605,8.74505121643215,8.29375746956638,8.6482439942026,7.52308300452375,8.39589859880157,8.81046477013676,8.44740951659253,7.56621631662909,10.8269566947537,7.67463060425676,11.7851313767917,8.66317932588041,7.48927145830184,7.89736657720481,8.17182321492597,7.96100383882082,13.995388056268,10.2930272107731
"CMA1",6.30298426752762,6.11074100717949,6.26000571146822,4.71312085944107,5.42945474590633,5.5739962153698,6.27269914799316,4.94266158048434,5.36058654754032,6.29285516692003,5.86623023633548,5.75543874679131,5.90130844820396,5.56599342178004,6.06097274782474,6.024921060673,5.51656438578107,5.75815374565537,10.4303270923771,10.6646213779121,7.3722674464873,5.62220966392161
"KLRG1",10.4010474449831,10.0732838522447,8.91818021526554,11.9144405365612,8.87181780707464,10.9225431452079,8.11123880854707,8.15078207288758,8.54814700426875,12.1776722092553,10.7328936910944,9.83489317041005,8.25949571458214,8.08323409035039,7.98925680580882,7.2246337420555,7.97200558092957,7.81507524865807,10.3566626257329,10.3601099112961,8.81240408127635,9.2441140419522
"KLRC4",6.1137455272643,6.42752452093767,4.67051669966538,7.77594019208195,5.63810573052801,4.22314061993297,4.53648118401393,3.40931873182309,5.11949652377118,6.97501599312302,7.6877445903448,6.91868970520208,4.39608609516637,4.69663590437934,4.1748096943423,2.89894852679878,3.51209544481257,2.6682023723255,3.92108903006329,3.72795303297145,2.56095426868454,5.50665491446302
"GNLY",3.32431509124289,3.95608036837635,4.34006522196962,11.8663269491284,7.08659949915815,10.2280671512264,7.87295884795638,3.77187222137873,4.66485666441441,13.0018597841974,14.4094970313183,14.5040958528827,4.38870158165892,4.13565366148235,4.42000619306234,4.06547249042786,4.54662094712389,4.48866848251804,4.76399935878808,4.27590944594275,4.67389941561872,6.89796984422524
"ZNF165",2.89171963879809,2.4413829559318,6.23463925769412,2.06718870480525,5.11566439343288,1.89699737082547,5.5299227934563,2.83737935796208,2.79190736978532,2.56022718363975,3.00415675765626,2.56013562178698,1.87528254626405,1.75402103723227,2.38947389260209,2.82379768754123,1.77193093841564,1.50476052149476,2.44635984793827,2.04942381500505,12.4745634940892,2.66854561726309
"MAN1A1",8.20225038011027,8.03902193315593,12.0161255085794,7.90940277868735,6.60532130837524,7.78414199237103,8.40376734666887,8.13767490072076,7.92511986702226,8.20634198970717,8.58116734531385,8.27455803754113,7.69017627541174,9.08358908871377,8.95089344323908,9.06556726788193,8.5217911262812,8.79969296800958,9.32810322592129,9.0240182592004,7.41238434007321,9.37310039017561
"PTGER2",5.59630329617513,4.42602336022024,4.49191667353744,11.1432582432513,8.02149063752836,12.048968506602,10.0469398053893,3.98694707398792,11.3493925470525,11.5308612727472,11.5430325459539,12.4946373856111,10.1740649942562,9.27650326657852,7.42118448481945,10.7775324315261,9.19259904565582,9.69323558589116,8.84996615595086,9.80263239724109,8.97160916030927,7.52902278895516
"LAT",7.30754658819179,7.06771082831553,6.81279471233723,11.6555211457038,12.4692870123092,11.6809136093644,10.5005854343998,13.0501240399597,11.6446211301804,11.4196002036968,10.7511911355634,10.3029189564988,7.91039278877215,9.24004322246621,7.35590742450921,7.51532667519062,7.6883557755538,7.77969830116167,11.8687294404637,11.2752312262695,8.66783116837437,7.7187356213514
"KCNA3",8.26339338043293,8.68785623519122,10.2475522773297,9.16718005992788,8.86567031045193,9.93170518626973,8.34475401736345,8.04938835706044,6.24779261097406,8.7867626856323,8.68788071922144,9.17535753205142,7.17545333781947,6.6996345320822,7.03247006213448,4.43406605881118,4.61734021600023,4.64395673865264,3.88916947273136,4.24824863452712,6.92489611456291,6.04516237939521
"CD28",7.42336057468176,7.53082321826527,7.19729323993746,9.04549428973593,8.85798057133584,9.91105372084704,11.1648259286371,10.3747197042599,10.6574967279801,9.03659771464493,6.3030577527243,6.18554525920433,6.32461294515971,5.98247348873382,6.03300025903409,7.70225170963646,6.46551479139965,6.06687081539364,5.98699857270319,6.25108299273055,6.49474855386456,7.48010812831952
"PTPRG",6.74929963768434,6.61307207192436,6.41491609859693,2.26268258098836,2.39879412976117,2.30721617604077,3.76581808506008,3.80615876395009,7.28347632422028,6.08783281304926,3.23122221311395,2.72220794193602,2.88230423446321,3.4060296105336,5.03353963001699,2.51267239326176,3.31199696347675,4.26629607892038,3.44263499065429,1.99211635454943,1.99743706448371,6.78957019799818
"HRH1",7.69724195426485,7.37901556900407,7.34412719151236,6.26630619224221,4.78043055695034,6.67453369123246,8.15895633060256,6.30910433657985,6.78077420678923,7.73763205232756,5.78336231321649,5.44195183523695,6.19327055238898,7.77253610735782,7.19262304976521,11.1007104641703,7.66911284969993,7.01421358095722,6.9082285819762,6.87857879285233,6.36487248533632,7.83841501808323
"RASGRP3",8.84348156079503,9.17106011156198,11.6684871780488,4.10656949792058,4.8969934707231,3.87467373559746,3.88183990101318,4.0741135631696,6.55687181001211,4.08958708689116,4.04539747779421,4.32752098123693,3.6368190960664,9.52358214835378,9.1112254583798,10.3681820412745,9.9470108072995,10.0203030867524,5.86356700970683,6.51073652122563,6.28543156483052,4.07832427987551
"LRMP",11.0415495149674,11.5258071947844,10.0275620939197,9.30586235993173,9.75264919717811,8.35974427745766,7.54059930373427,10.9689016302917,7.09770851125738,9.26228254775609,10.2838180771894,8.77340307838523,10.0357353266797,7.28821112695363,5.31467341480157,9.59710590329563,9.06852560557036,6.85392965558872,9.50815076514621,9.28142723348111,12.6285426358054,11.6584947373992
"P2RY10",8.77340307838523,8.45080957371411,8.67729662618741,8.32240159219371,8.41736066820167,9.01504908749449,8.20070358802802,8.29595100826089,9.86528258386794,6.76076778527592,7.89476584293127,7.70389068600334,4.45666183900387,3.62873724629294,4.42524553668565,4.14103966101351,2.66465568512852,7.16699130088288,4.82439129012373,5.91974832310632,10.8242177820538,8.45542791690414
"P2RX1",7.34628865695589,5.28204196555049,5.23313140876508,7.50619154744999,7.40436801982151,6.91756439416924,6.80434077702065,7.16878134168002,6.15886525368302,7.53568326333802,7.07430610260225,7.11646227297617,9.42596948827245,7.6415353844038,7.08373465404691,8.48064361179426,7.35013262879302,5.87357066694091,11.4851232400574,11.0996488498525,10.3484144468039,10.1927874939011
"CA8",4.24763738715449,4.28864394836449,4.1592418688608,3.83967569016713,4.36034592526155,4.12282021732772,4.02914112572694,7.65552141546184,5.47703133313314,5.98459347725726,3.92191212937329,3.95125846152554,3.90776286997404,3.75723511077813,5.02098996436411,3.83290689005456,3.64536780595672,5.05385054867953,6.19410469357408,7.18618516836411,4.04505442876991,4.73288188314287
"IGSF6",5.5567744057837,6.15788586598238,6.04478634115819,4.8124321103931,5.36372111785775,5.63548848173381,5.195525766064,4.85485720211222,5.85210799199553,7.11682186591682,6.66233798135006,6.23677026319806,11.3789130602589,12.5692818556918,8.2098062422312,10.6684885085657,11.8457790283167,10.267439482928,7.29765260624031,8.52213101131589,7.95241801409798,12.0443012944526
"PDCD1LG2",4.18959191602254,3.67978451235451,3.72346972104912,3.78711863794596,4.00952056296124,3.58913362630618,3.94641903497126,3.19338570807703,6.26603748618252,4.05901979644028,4.52425692615593,3.79912218943797,3.90861119680401,5.80851596594429,8.81337836755112,8.42810640524666,6.87496900218754,9.67028406917075,3.4567728790904,4.28090823729573,6.19202885752918,4.56225212093115
"TREM1",8.70123755199886,7.89261513081682,7.72863365623857,6.69050715918919,6.88064036442872,6.09800880525682,6.17524004075208,6.67925967546036,6.07682132742415,9.16959810105857,6.33730846873942,6.59630107064664,10.7945693224364,9.24052036787348,7.61268775220994,7.53643988159456,7.80501774013057,8.31644132869823,8.16187530506827,9.4235513378482,8.56589975405229,13.0420507975335
"BMP2K",8.14623528824692,7.76443182940574,6.7259201628066,6.89196896373867,6.78539499069708,5.42857382316003,7.20630997443443,7.81578370356499,6.29132702253049,6.90469807537401,6.75545628208633,6.88509070227596,8.45775456831242,8.3424631270243,9.35850160269228,9.92600483339817,8.74374436702781,9.27952220578825,11.463413062807,11.2726041381324,9.81576466675027,9.2043358775022
"COLQ",4.89980382412783,4.82772372079426,4.61781449553662,7.26466862351027,6.08428390838283,7.09091316686422,5.21673402484684,5.62452761153965,7.36416292017003,8.68390519037125,8.67089361611992,8.45949843436327,5.12233339340581,4.6915840470245,6.44594567952286,7.01297412422297,5.02676361534457,4.40509324312139,5.71900158810117,5.2438270944083,4.83315536212423,5.37379262497879
"KLRB1",6.91375971075408,7.92080091519844,5.33533588929278,13.1064434005206,8.31544683823438,13.2916368574442,8.97065079587974,12.1288738289641,10.3003486486858,13.6252078772598,13.6615991279215,12.4454609109386,6.5116931709756,4.79103871530159,5.10429762264287,3.85921651728965,6.58193567714006,5.24800848926402,5.2663012777528,6.19254618510601,8.11603053379925,8.33813897468649
"CEACAM8",6.30226709617383,6.45757073706742,4.56947802902025,7.17816735087421,3.05062248035686,6.2236375943253,5.18144042949306,2.52795741454582,5.33472381213109,4.06830932900573,9.90247713218186,7.34965355158513,2.93558139788847,2.60737567598516,3.91711975675578,3.66192643994712,3.92491935834847,4.32554701564561,11.220393913071,10.8425145302108,7.88426495285043,7.23713679382196
"DUSP2",3.83776940987059,7.13211300416968,5.05918941742878,11.9960991402502,8.31748954308763,10.9704129937456,11.1757675027512,11.1682077901711,8.32525189378904,12.1664956643049,8.95190534048928,8.27107320106227,8.66496410630967,8.94082578116277,9.15143173524464,8.03614610820345,8.19632513248316,9.07063483673634,5.35418579280659,9.56922919521311,9.98629396895953,6.48814617900117
"CD40",10.5453000154168,10.3764153342428,9.71319582307574,7.67282947900769,6.91653775346016,7.40902876319407,7.41204583255401,7.02804346614416,8.40794814152199,8.07895903877124,7.36773717470341,7.68514371049764,8.2267652731553,10.1643936959158,13.66262451216,9.33234811669824,10.6433223614841,12.2715515256598,6.81635692630181,8.70411019789939,7.67987423498824,8.1116196155912
"KIR3DL2",3.72745875965702,3.53345433714856,3.10362156515782,4.52734504214433,3.92285173875288,3.35769945022822,3.82423816466106,3.44975250075599,4.95564947329599,7.75148347868422,9.000826947934,10.1860092000887,3.63097977089731,3.40720122349022,4.85875008384269,3.88437853749928,3.54119044193056,3.41109330393946,4.18588399943768,3.97493606026728,3.87208208638884,4.3936663555301
"TRAT1",3.86638429061172,4.08619613202023,4.20188057542445,9.67550073635001,11.1849748872909,11.3327968788206,10.6594049869227,10.480489994394,8.81152289635954,10.4884165375074,4.72178010695494,5.39864063870961,2.97193855194022,3.84194922371541,2.87166589871328,2.39879412976117,3.54251265863917,4.92110619608936,5.11234715716393,5.19138373697392,7.60028626372578,3.50871946698966
"CD180",10.5537893195639,11.1349944723045,10.1348344630333,6.31794879344076,4.5942437044266,5.28404022655671,6.3940449011505,5.6398564939405,7.49358606712575,7.04879695770585,5.24980655633375,4.99771768749087,9.17354452692411,7.66080776322871,6.91982183043856,11.4453480099248,6.77492538831957,6.55869110791099,6.0258070195556,5.74800715996984,6.77067528644644,6.80142998195512
"IL17A",4.6501765387727,5.02975169767666,3.82773757100709,3.00336863410863,2.91604241062739,2.91846548832448,8.20473151411915,6.13381084512047,3.60731407853007,4.27256434685728,3.39391145864549,3.18390067490512,3.15855547405347,3.1081215815093,3.68296791484879,2.76494346967705,3.11325963130722,3.25643762411621,3.70800492502682,4.40621103661572,3.18004441395511,5.34154598190444
"LEF1",4.9958555549387,4.88198717339444,5.84501895769214,10.2358235653179,11.4017945930536,10.1739564812188,8.6932359126453,8.95673302351864,8.51519736456604,7.18331917059005,6.86037565765186,6.8685464394183,3.75933086343252,3.64596159691087,3.68162490696072,4.070925338077,3.65670027496648,4.15793687750484,4.41487411540907,4.28498818958379,6.75683734348781,5.01236820183684
"PLA1A",5.19458899846384,4.86390298951511,4.01404243527739,4.09709881028598,4.12589239900474,3.14454868699728,3.93243810273645,4.38810492412446,4.12664590742366,5.02640884831184,4.7081582548893,3.79167592207041,5.9154197175779,4.7681844253685,11.4516076047466,3.94523161338053,5.28691786693992,9.34008917521698,5.64377064263599,5.47154010841289,5.75902766106125,4.75676907023105
"TLR8",3.10134646659221,2.9476522187799,4.35414785919655,2.74432236048304,2.71607545571711,2.9691875045444,2.75070485084045,5.33923412029505,2.74911933009975,6.53290939395859,2.77098126441838,2.8292658336821,10.5727667736424,9.33897286001228,11.2174705388832,10.0809564059648,9.11561548617748,9.38412024269188,4.32613029957696,3.3923619601482,3.06526537107836,10.7489225990683
"AMPD1",8.04845996577599,7.77321654761017,11.5573526763421,6.06840189020333,6.12229885480881,6.43159567092531,6.11813970752816,5.78018242748322,6.32668495617581,6.84611138373536,5.91026343393496,5.9466571800009,6.63274234649638,6.27695379354216,5.98635732880563,5.92961807505379,6.49523142599475,5.94587678148903,5.83815954922035,6.25627662359069,6.90084811922436,7.44936856551084
"ARRB1",4.08160838959304,4.01775787137028,4.32138737173428,4.32849932840475,4.30101671730942,4.71062568980676,4.58827391209791,4.28132188606294,3.1532507950034,4.01026668057423,5.86781510432087,7.12917316699305,8.78540997856999,8.38541495519589,9.88724166677958,8.63138163900522,5.46295486568341,5.07315586534511,5.50671857921015,5.01303016332563,4.75884642458143,5.07679939902118
"CAMP",5.05527462496774,4.93852667126006,5.73138482999672,6.2695018831451,7.2246337420555,6.68285085180213,5.07178096840138,6.93475197473481,5.09139355427854,5.36408895110632,10.6937197161731,7.03709434618913,6.99071501509452,7.55732864446914,6.36905638397332,6.73390157822662,6.58230335376167,5.41036192224666,7.80886213915704,7.46069523645739,9.05109004407475,10.5587767605244
"RCAN3",5.57489224769287,5.3807469547177,5.40256811768197,7.28567795072106,7.78557493624409,9.14971225183655,7.60060867431883,4.89784401149504,8.38228013008846,4.87546751670435,3.04187466092937,4.7010885253121,5.41560227663616,5.80705043181008,5.27055251380685,4.89100620781238,4.9798022462745,6.74989678371856,2.85402508284351,5.17283978987585,3.58393009349998,2.64844954959454
"ACHE",4.01059629604282,4.14150205383379,4.53130264635096,3.85082826173916,4.8169955220176,4.28132188606294,3.85212555092624,3.98235858711356,4.68103944798764,5.11513516298653,4.14190182681774,3.85212555092624,4.11896335274487,3.87705344586091,10.4242393877149,5.63185398359641,4.14693812535095,7.60110203396227,3.9019556402019,4.42634853057722,5.37207893081722,4.57085716279726
"KLRF1",7.26819528703522,7.64103933076009,6.83116667823303,9.73502713177562,4.51776385641234,7.00267005487613,5.25010871600573,3.80987219060945,3.25394456845664,12.2771017577436,13.3549084735693,12.5294825673429,6.65984663193298,5.40225760499585,6.26977567427725,7.5199185185858,6.25083819415298,6.04501239502566,6.14123389286276,5.92119686397526,6.75522544862384,6.94143472619508
"ASGR2",4.96629000581885,5.12550819082962,5.12571868467158,4.94393246357251,5.24303710969211,5.42029694081534,5.14827587522844,5.01715294791291,6.83579948362099,7.39321228765662,4.93328850274673,4.94834912570671,10.5371805831807,5.21411650827788,4.77472745859575,9.57312789555371,5.63688828891274,4.61448789461533,4.64306489810693,4.42825468468182,5.70547928977067,5.6696688300324
"SERGEF",4.06103150739824,3.6988816553938,3.59577230879583,6.0136380242939,8.05113179913154,4.886935036084,4.10674950866941,7.57094234632887,4.07220781136691,4.19142110931036,6.02640044363762,5.41198600177937,4.42099832024304,4.64734665146743,6.84053185844573,6.70059484945659,4.15702424495281,4.32632545831776,6.49158416236718,5.33650404298026,4.3574414639043,4.14925222274302
"SKAP1",10.4301830488335,9.12393193119708,9.77502798684727,11.1511800490215,11.3836366926367,11.2268209721257,9.67109638027216,11.222898704362,12.5099855316545,11.4955292562449,10.9932046799461,10.5645710441053,7.28638260294602,7.56246525606872,6.86338140910542,6.663303783231,7.40377196044324,7.27173419453647,8.96389641518367,8.91285782078127,8.80095454273926,8.60676599976978
"LHCGR",7.28252364068562,7.61749846114021,5.91646331234525,3.44591930855263,4.67051669966538,3.21035739445933,2.72220794193602,3.38124774192683,7.13020898043686,6.99925099051909,4.50556193616185,4.75850648291005,3.64040357506925,5.03381469182529,4.58725082447246,4.52554394903324,4.43545314460034,4.48005711529314,5.03354631783908,4.53830479255753,5.70736602524751,6.39086956964425
"HTR2B",2.84227762381683,3.81913490695718,4.77651192981505,4.56746246047936,3.62180002742754,2.77037611582217,2.48693572749979,3.36699890214406,4.77815678145454,6.2860559912862,4.99872593100266,2.99256161485499,3.8924417680545,2.98195104995384,5.03867905233757,7.76188548344771,4.36793109237498,8.5846597930494,5.74665652603831,2.55778801402096,3.21348249893057,3.07837997088375
"PSG2",10.5914499014519,10.2712777907778,8.72824178011791,7.30511549273312,6.78831042147097,7.75396243879589,6.64580782361607,6.35626007457384,8.20576054663589,8.46656383557941,7.2235106140095,7.09945212887002,7.41844014999592,7.3034900359263,6.58948544093625,6.99991260159223,6.87369703262107,7.20222734830407,6.34881352544114,5.45515906246603,5.9744515117712,9.1150417815517
"PAQR5",4.61781449553662,4.42794836399696,4.04797059683924,3.92401856495903,4.74408189697532,4.08384559655565,3.98929646421496,3.81342982538872,5.24555071433691,4.88844859248093,4.16393121592547,3.77570057099074,3.92888896322276,8.24085633877437,4.26909730829178,4.20703841313,4.32782841592599,4.06776370057835,8.52606734290748,8.19307663351043,4.11596748506611,4.4822091088926
"MAP9",3.49804758002825,3.81595774157048,3.21550345211677,6.5607266673073,6.602251052159,4.71727808665259,5.82642732302113,6.03300025903409,4.54298050426581,2.12219751951967,5.27190361963466,5.48253252412672,1.27560700994549,1.65109944557543,1.76035740086381,2.25859153551937,1.83767187549841,1.91554226127619,1.91771812074249,1.93193474133338,3.28380795991664,1.90242093536893
"CD96",7.14026415514601,7.51901940620582,6.40731555503173,10.7481717550529,10.485776680561,10.619233500772,7.99287618256189,8.88875874317718,11.5188108163179,11.5536328305786,10.6713503282271,11.0558031551046,5.19761651246159,5.25673360812483,6.02906636379722,5.08525777337322,5.67980369109757,5.85266061307554,6.70551573824637,5.4457778240438,8.76165428173403,6.52111041853397
"CDH12",3.53925928992239,4.25909482948771,2.99905648475329,3.15500421956984,3.05062248035686,3.26196751265609,4.42926320858517,3.42347582918088,7.03958972384557,7.63266297272765,4.81141650199769,3.42347582918088,3.38410798630705,3.77689013004656,3.75699205856092,3.33422627522074,5.09459801968339,4.59727766489164,6.42190237737482,5.29827269131953,5.98478377983382,4.68552350813559
"RASA3",3.53126264118669,4.65735432044777,3.82172786702492,8.08736368650473,7.29903988103189,8.36127125710038,4.67661868442262,6.17450474092676,6.33285580069337,6.12862172010773,7.74005388803771,6.05161365721467,6.55985133414101,4.48313410451633,3.94777319836596,6.86963063018447,4.19369056862549,3.73580886062177,4.03316941469565,4.3290045309964,4.78996376257886,4.35236952181989
"ARHGAP22",5.15524588316808,5.623893171371,4.63421674386338,5.52400407809828,6.18706604874568,4.56262318866886,4.04024899595118,4.72299421373162,5.06900642778017,3.75430670265352,6.38245171470843,4.82774996409916,5.80240008509565,7.46317641212076,8.46185677340057,8.09797446457166,8.32541525585885,11.5443516420335,5.57736302876454,5.74269266793324,6.36876995204514,4.42023717633443
"PKD2L2",3.42046920126007,2.95915489076419,4.69026004052125,4.31508373001339,5.72964509916643,3.63953680372894,4.59228796802141,2.81543024606574,5.59622974933335,5.6052158402818,3.58240291868651,3.15771703296373,3.84765297916296,3.4414966850156,3.78064456811951,4.4000924000133,2.78353546903671,3.95499096526878,7.33858912079091,5.62412041212408,8.02763657050129,5.99009901811452
"IL7",7.97684924509519,9.2584521363346,5.3607379416526,5.41208308343354,5.1581359197544,6.13452882452871,4.96926203382503,6.11661343379046,5.4645662283309,4.82752734518755,4.68713399845948,4.76704318464974,5.71133870167671,6.56229542297807,7.07132614747964,6.32554527885409,6.12682524722281,7.17499172347462,5.82248916180686,4.70210862703661,4.25790710209935,3.99021680480918
"GRAP2",3.76840553199844,4.00018307179479,3.65933133128223,8.13915947497459,8.32152549343846,8.07800105275484,7.25700803387813,7.6601186450408,7.57599808173053,7.39036000711453,7.65652422882873,8.26798433083963,3.68089801677362,3.38433074153573,4.0869757179053,4.40107415316673,3.16567471898998,3.47443644821924,7.88194983965752,7.14090291930746,3.87581225210542,3.56750907438035
"GZMM",2.86896614488356,4.12559097929967,3.73404700419405,10.0361589862996,10.2485600866861,9.78955451694875,9.05021019048923,10.0101303819365,9.3332504641711,9.80538401687559,11.8812250052896,11.3539115522682,3.82845981175401,4.20937910937398,4.92509166503964,3.50243852099518,3.49944753858545,4.44299459818689,3.52425214685766,5.04438097459803,7.11408027227004,6.06235307926097
"HNMT",5.97122214616298,5.81955879430342,4.88495556051288,4.36587886207778,3.581076284513,3.59306960498483,5.03169220630442,3.32086191640793,4.67816676990008,6.33220933585568,4.80286207782503,3.86638429061172,9.67317920843365,9.59978162849789,7.34254750816186,9.89153842557905,9.3155435804829,8.12983347680595,7.05264077058243,6.94825753002302,4.7501998427938,4.95246803176937
"GPR19",4.80866159321722,5.21270590790624,6.30503578637449,5.37894394631335,6.2159107811654,6.18706604874568,8.54712378079687,8.40074694469591,8.63974823785366,4.94330361211123,5.43812447864418,6.05864841668484,4.37934532594378,4.36933435688698,3.53126264118669,3.5851008797973,4.38286795321303,3.97701121461688,4.19842255537083,4.08831944591115,7.90069506030633,5.67205314823369
"SLAMF1",9.57560563593941,9.01258879282445,9.99543850397329,8.95832568435648,8.81645849706319,10.0801860578218,10.9704129937456,10.0713876770208,10.5563578096613,9.49515996903085,6.8470489461669,6.86566857852274,6.8190157822893,7.05212580215903,12.5648437997364,9.72537735083998,6.99368783997322,9.64839677442292,5.88401208105903,7.30886352146084,7.93653712112825,8.0326416146569
"CD300A",4.98634437632358,6.30277952201784,6.71020735468826,9.52949168329539,7.6021150824218,8.69826121104114,5.79196739363288,5.57952231307371,6.41108245606437,11.1482285234433,12.3831352854535,12.1890096266409,11.0959291676755,9.43526128049005,7.72863365623857,10.7634126177477,5.91856678711883,4.76526281303164,9.60497545089145,10.0720743912865,11.233577353889,12.0125749231987
"IL1A",7.70604352277704,6.84590197063783,6.67925967546036,6.06228735883676,6.62967001576149,6.49842288668646,7.21581175342797,5.75307110124461,5.60609994040854,6.7142611426558,6.37163128094912,6.26547395165143,5.9567522348422,9.29601587398332,6.50816598570442,4.80980150535942,6.76113103851737,8.60352246126921,7.14476416538569,11.5054972006782,10.9735505246171,7.68574884835714
"MARCH3",9.25970709724982,8.05496587456607,8.16538398574839,6.31967232053108,6.80605260100129,6.31461048808082,6.33515143729829,7.52857905427079,7.68830054342454,6.43912190610751,7.58173611939904,7.60923263444861,6.70826742782262,7.46659031486204,8.36226865137083,5.84671134877774,7.11952297278578,6.98015303206467,10.7694503081545,11.4590697185904,10.1716502467542,7.68702775618151
"GPR1",2.0460879241,2.53568004474028,1.80452431179655,1.35574023479784,5.50322846358444,1.166202233659,0.539386312320585,4.18228029046858,5.73021097564925,3.99986215562568,4.18985022439413,1.51787807417835,2.64285508697805,1.04555455373491,0.979999498257458,0.539386312320585,1.01833714136155,1.99245204278037,5.26603184305415,3.73105725772441,1.52091833414869,2.3403027072616
"PTGIR",5.0472832619349,4.50178475247169,4.97099489352772,5.57016908800069,7.87188208229494,5.92136296234689,7.33986800083827,4.69211528423835,10.3416526179719,5.04341077650221,5.00287154294727,4.99396476795224,8.91845108717591,5.27765909613727,10.8400462429286,10.1002101672073,4.82794492576136,10.3818226749624,7.62389720122432,6.84429179291459,4.78715240372921,5.5881517581106
"GPR18",11.5782975918926,10.8321100717931,4.02562670931834,10.0196829800577,10.2793668401757,9.40781436710159,8.75624787037342,10.5722573951391,7.75990578299558,9.71740349503609,10.2350225941032,10.9850090709527,6.79006869203138,4.59192701007208,5.71740016486091,5.79792019467774,4.51314291498654,5.12711092956999,5.73609075380233,5.35407696242128,8.06070445491016,7.29744114685298
"CD86",8.47469302516003,9.23088731085118,8.27806990562452,6.7799452946783,5.17573113041646,6.59211216188555,6.51256072952753,4.93473304244644,7.4709975624238,8.41934371883642,6.79621365129276,6.47200698764699,10.4505927845212,9.58022309768531,10.4973558467322,11.4474237431761,10.7567283073731,12.1331253608405,7.3466511562873,7.67679967415778,6.76664015647049,7.34434328524303
"RGS1",7.50143265381277,7.94995267631431,9.53722186028414,9.33923019105354,7.75937653713895,10.548447790704,10.3690505801235,10.9527771998344,10.4363423127709,6.79840505939979,7.20986251148378,8.00287226106049,6.03213941159545,7.21090074352062,7.53911206470445,6.01844417814981,5.9796506692741,11.780058109896,8.98936747542268,8.89325487841553,12.5707586738773,6.81186078683286
"MS4A3",6.93417988930374,5.99445951347674,5.95415010035735,6.35512485793711,3.28548098593762,5.37223970103934,4.45166933199304,5.17476044142455,5.23032147930146,6.72813103183939,9.21338899023162,7.5859755593225,4.61783723858789,3.14048679735417,4.44486854776626,5.2936168422696,4.07671182614223,4.4745807883403,10.940087743731,9.80502086049774,10.4357712273065,7.45688586808279
"CCR6",8.35974427745766,8.3754059019076,5.38004079930768,7.44368634392096,6.13011624408601,8.92879612853093,7.29160156625697,7.24878868008819,6.68629574099757,8.04361948858304,5.56798292670453,6.95352610084234,4.93500473160656,4.24592451562546,4.73275522443714,4.95047386717246,4.95559310008207,5.43261696066852,4.83887552591461,5.03118779748561,5.16912515641773,5.54330367945438
"CHST7",4.02678690686149,4.17592675435997,6.73273475311585,4.77025228925208,6.15382413840646,8.52514811028477,7.87654708384267,8.6540576586008,6.31742321423301,5.83375715871716,4.94603994038343,4.58725082447246,8.19014160667088,8.30216470795983,8.45897403920219,8.72190221367547,7.60176279990278,11.5919150983864,7.25944649456991,8.52767501702709,4.81973840742062,9.63326429245082
"CD209",6.1253941869593,4.79339281903964,4.60724388914105,4.4988236633251,6.65240039271037,4.13205741268155,4.49862844609445,4.6521727345756,7.28369349015698,6.87889123451588,5.44642141331654,5.03867905233757,6.41233724842574,8.30477422066668,7.58454980086012,11.4300854551202,11.2657048763584,7.84164021372659,6.08699511584214,7.44559718053539,6.53318937480918,7.04312554432708
"BFSP1",3.26536435499062,3.7106705178494,3.43761357680461,4.36901837664076,7.03763338898433,3.30893786126761,3.7103389892429,5.91472819217161,3.95722939717521,6.81234940443469,5.15439313926673,4.35414785919655,4.48404529678411,4.06022589056867,5.24606885782911,4.99106593910206,4.35023777343611,3.72252926340359,5.13022708585708,5.6634859985452,3.82964290180694,4.32815587371944
"TNFRSF13B",8.97640009190773,10.5500313602189,10.3371033528248,7.51534652236823,8.27004409249128,6.91982183043856,7.12917316699305,7.51532667519062,8.5719583526001,8.54464234133885,7.83607871494381,7.3929086906368,7.56230263525429,7.31867221036822,7.91878211618644,7.43384862981134,7.3971586141062,7.54707905672342,7.35835436678414,7.56119551576962,8.1888000121256,8.4253272691824
"IL4R",13.4265653617366,10.880093723246,8.19046886537775,9.79060810147716,11.0541486568888,10.167185432899,9.75688322102998,8.6977669891546,11.5995979238233,9.8369783635422,9.73521784363782,10.6536522503959,10.2206392263246,10.0434215367355,11.5548730250191,9.72726360864924,10.0963889736766,11.2357058492796,11.601527336289,12.1841895942939,10.127494748714,11.4564061586714
"PDCD1",6.71250326094694,6.97367164291671,6.73390157822662,7.27484155563362,7.04109751694991,7.22907002166507,7.88121937178157,11.3441636139286,8.0495669002662,7.70797585315615,7.01718485546999,6.94777601669213,7.26924156828245,6.84851021428748,7.08315932681706,7.06685431033804,6.81760439235985,6.94469293741206,7.03708142783087,6.58911650170439,7.81210041793006,8.12204537139686
"CD22",11.6859005857998,10.8171036946306,4.32444124132965,5.26568016716721,5.76505754990225,5.7911466555066,5.38189504139584,5.53643395055652,7.00645395581459,6.35070740557014,5.4243276116596,5.06696570116572,5.00685116446309,7.27334540346522,5.98553047862461,7.7991829824987,7.28371366723961,5.2403543654739,8.17357252950121,7.69290815830804,6.72470272262048,6.19616561936558
"ICOS",2.89894852679878,3.23378102381185,2.83737935796208,7.6087397529154,9.99313069589411,9.62131333587184,10.8185254255667,12.9190524966129,9.53132361332917,5.22581886195705,3.76069296590572,4.55649566385818,2.66958151753602,2.45575257569316,4.29184163389765,2.60056157449065,2.94538495196149,2.83981071947212,2.63279304996638,2.64537493253742,3.90650384379496,2.84781679868166
"RPL10L",5.21096280448377,6.15670045143521,8.28685750609465,8.33248572493554,8.36226865137083,9.20384120705911,8.44270088752354,7.33311051646763,7.18432833782433,7.53508358809375,6.52789438858946,6.64282234325245,6.59551728700217,5.86580771830387,5.76419166925397,6.15650514392631,4.80641016999854,6.25782457108292,7.52147410749658,7.14681965102698,4.69050073310161,3.87720608322091
"DHX58",3.8937145823987,4.16056667894313,3.79061068883428,6.10800288721449,8.22539954340386,4.99981407647639,3.95239747690356,6.45235052457027,6.42879189060607,4.32304422603907,6.99677647513008,4.93759775122315,6.07527120778497,4.52103849153499,10.4463669363552,7.87395543974926,5.12990015890206,10.5878738708904,4.82755675742892,4.51443174851206,4.25241153589468,4.39902123173002
"CD1C",10.3989843817868,11.5019033598061,5.01334494740402,5.49639492540658,6.28973648895416,7.68306509359098,5.11187375598511,5.38970152538214,4.15793687750484,5.69715448878713,5.22200057620807,4.98541047081938,9.04394082058667,4.94725259522805,4.57650357564893,7.39663268871304,13.2173913941895,9.97114622212376,5.08113715356327,5.16704841164242,4.68018464329507,8.01799424409311
"NFE2",2.82670998871077,2.95772505560274,3.68561859115271,6.75964049631728,5.64344131750568,5.10726995610538,3.1075027313771,5.8424931771075,6.10189270375326,6.32274591062927,7.08069502201236,6.39009378531508,10.5685680294141,4.97957305509253,5.06301982132379,6.79540317926651,3.74523058339958,3.69597785098133,7.87477002698055,7.22106027754637,8.09743561220177,11.521536140219
"ADAMDEC1",8.53928908562987,8.31957638513347,7.0108631548947,5.51147711207105,6.35692729503096,5.59793376970226,4.97970420040627,6.12387087774127,7.30110887974948,7.86311613694714,6.11431675298426,5.62641711177429,6.74552422885681,12.124529155838,13.0574879774318,12.2894337624259,7.37365908022274,10.8022044806812,9.51410681267551,10.6172486310731,7.460823727844,7.54307763611856
"LAIR2",8.7329447014763,7.90196990841778,7.39193435442691,10.0760017048793,7.73824640487087,8.53928908562987,6.36510689521824,7.8786413861512,11.5619481994092,10.3683147765888,10.6419047318762,10.678180095259,6.70048166943829,6.43541500454155,7.70653896984622,6.4876725565444,6.60328314910268,6.30852060896197,6.43093302742779,6.85632318235684,8.55939585136781,8.03260437468276
"LAG3",5.22093582379985,3.28281530196177,3.47869527664753,9.0287940488456,2.86088923362771,7.46095229049155,9.96678564509916,10.3417776178547,9.3615520448598,9.79105908535504,7.13805665026509,4.61496249913314,3.15750354603793,2.95588720741118,10.480489994394,6.62464540411826,4.45023533936744,7.75605031383558,3.78240275639059,4.54396984347909,2.60186545544789,3.19706995643489
"RRP9",3.39842322912101,4.1153786058438,4.21323379277798,6.5447561003092,6.87558945724477,5.65909280244901,9.03694711261829,6.38479269343686,4.49933935131486,6.20241560141532,5.76267696459891,7.55153247702344,5.21460284546365,7.37461324930419,7.52497954072087,6.52611876098784,4.92112467473172,4.12375639352356,6.80244846606205,7.44598284140354,5.55169425974082,3.45221169992899
"CDK6",4.98634437632358,4.58788983061166,4.08274806875717,6.04747768846566,4.74309128570703,6.65802391691888,5.53453273435757,4.65621444485985,6.14036897752781,4.66999893060009,4.81038086249966,8.18281494868963,4.46378398139849,4.61466488138198,4.14657991606689,3.78929051566643,6.26400714219421,6.09615386471862,5.6137680705183,3.91719437958805,6.03099174572154,4.35119508172659
"LCK",8.40275666185466,8.35803416069147,5.38577018045453,13.0975160876881,13.1275671225002,12.9268743226444,11.9813450141149,13.2258003532958,12.7180499198597,12.0703255990667,11.8160097173696,11.4559227942552,6.35330289865848,6.03243648909663,4.7546488227237,4.57650357564893,5.48515903393189,5.87321293548997,5.12498936357981,4.44954031045159,7.94387963286115,7.5535841912816
"IL3",4.40107415316673,3.76399110275282,3.88897937963706,3.34442160317162,3.39028998731159,3.26361174672085,10.7233192949323,4.07622956603024,5.25897981513952,2.8024807177252,3.86711229636028,4.89784401149504,3.64689155483599,3.42792880362888,3.4654175851199,3.05477719290522,3.44517471673122,3.80150547285839,3.22816532272535,8.68748090307502,6.8270890509083,3.72835665088471
"AZU1",4.75939493589388,5.25987080189714,5.79456401572551,6.25727814994718,3.45899649836995,5.52799592605799,4.41302489288251,3.71170114443695,3.67934630916474,5.06998167589236,8.68875801241971,6.90533472044139,6.60739702716079,5.71703622969859,7.36545672675628,8.3075779985065,6.01497484476386,5.90652398234258,9.23122757440457,10.016232791043,6.84925323604795,6.38147814430038
"CD244",5.92383824632635,5.30421080369363,4.89877761995382,9.28700758800986,7.45482554296032,6.13154957652507,4.60021494242766,6.95857879448182,6.42929382665514,10.1247775034992,10.8333190129423,10.7345107575942,9.69597613170794,4.5437641378971,5.57769041704791,6.60409258828536,4.63521900566257,4.27702958420863,6.73197772992172,5.29783932108596,11.2682399834365,5.7242428599372
"ZNF286A",9.52915702896452,8.37898302616501,6.22654748532419,7.77628192089671,2.72220794193602,7.41204583255401,7.58402176053666,6.89649045286397,7.10715009740987,7.95130696552472,7.82277921785839,7.64601780350568,3.59023521187443,3.85856245119347,5.21096280448377,4.51574013101133,4.00727291498908,8.13837385437149,6.30086312150679,4.74595219542757,3.08290205231157,8.78892536422784
"BRSK2",3.51675332792827,2.44807338318695,5.14251335820052,3.5188121287215,3.15771703296373,4.10353245028098,5.37516713966447,5.80039631923583,3.97858361304043,5.96846200028034,4.26830672678413,4.18746141969853,3.67340312158282,3.43943308606856,3.52684241098896,3.30547890899051,3.087216574254,4.89772221446105,5.56181427628555,4.04281362966433,3.20981229048566,3.68501109453837
"MICAL3",8.36624390613123,8.3254080561824,6.49657506068285,6.66677216183142,4.3438742547679,6.99650429640482,7.04932535950524,6.56355921115023,3.94796413744856,5.31325361459809,5.35923071834491,6.89375031609392,4.05051786651098,4.38163211848947,4.72016083864997,4.23357730442376,4.5059061484314,4.55983668928377,7.24347914928434,7.00707413451362,5.60532857233593,3.54092879718919
"CD5",8.91818021526554,7.73606893240541,8.8465095753394,9.8897427476284,10.1060193954537,10.7610313738318,9.84544150202805,10.5173667397893,11.7792197929489,8.99222888247101,8.15107764290227,7.66298990350559,8.2942939818939,8.02371806511302,8.16033709520551,7.5642164203352,8.08519663520182,8.02579935824394,7.51628947179896,7.78480997941356,8.21887929986389,7.81207895689907
"RSAD2",7.75641186365799,7.72938196167271,7.75833881827966,7.36721536902874,7.85599387755614,7.80643842562554,7.23290544551125,6.68100398800077,9.73740129192611,8.61363356617561,8.23528738676474,9.38328020285415,8.39225874769354,6.31962440962348,12.7684907141731,7.1412626686952,6.86716677975886,12.8815973035914,8.64542470372435,8.29287537507375,10.0652530113779,9.48050620916711
"SMPDL3B",1.89699737082547,2.01235426593767,2.95824560216797,2.2419558659883,2.7818200910304,2.2771469717352,2.49170407195705,2.56422125188495,2.88499837767135,3.33253469730715,2.4824643992417,2.37364633283735,2.50124565384903,2.35777217967479,2.5238270945242,2.330868420239,2.22618780864071,2.39185166598078,2.53503726634215,2.6513378514611,7.29264304325751,2.88588367118871
"ZNF222",3.43304812869002,3.03618994915491,3.66577563705927,6.18806967700774,5.84906127311763,4.00731485974291,4.05223354152091,7.52308300452375,3.46307274443541,3.8917363038027,6.54347765768604,6.53618177720988,4.38270941949058,6.16641136675076,5.58584492902956,7.22518061052104,6.4498616010589,5.35467603000011,7.80460610085818,7.73127654591595,8.44110351324444,4.79834074056923
"LTA",3.66460800920937,3.70213407147108,3.76581808506008,4.47025961650045,8.01896598621314,4.84285348479694,11.4861346458326,9.03748391628326,7.12203929091149,3.83611334080154,4.65468755050795,11.49278585925,3.75661968790128,3.75795146935256,6.84679660733003,3.99837380490825,3.96351017517879,3.78916924350051,3.80282869840565,4.23174973343021,4.77180419913703,4.15665799482681
"PAX7",6.10014138527328,6.36224647131699,8.14220942884256,4.60356537280925,4.74040168577168,5.44475635667251,5.14251335820052,5.28490727773644,6.75754775006929,5.60219511199633,3.90666663155952,4.51776385641234,5.28676223473548,4.42965809697634,4.65813971303054,4.34588443658588,5.05348567333743,5.07421187183275,4.57808258662683,5.36682392046754,6.38990398236463,5.48846939894472
"NTRK1",3.86492462439448,3.88133140931403,4.86070549363685,3.53907669863627,4.57544619737795,4.00176314795047,4.46475487707086,3.43761357680461,3.61714646048151,4.22546054844385,3.39370022403548,3.86884102510334,3.69093209936987,3.18840725022787,3.28889921752983,3.31573119037035,3.98861138691418,3.20478079918124,8.47121122311206,10.1883017690474,4.69132240373218,4.09236359529356
"AQP9",4.48173851547709,4.01029583631013,4.05869188431898,3.87533604957468,3.92524953481791,3.99042168153091,3.81925614429316,4.29768346850578,6.02821683920881,7.56888904720969,6.56177303138615,3.76317315632062,10.9979097028187,12.1625488946155,12.0735865146579,8.64556700191034,10.1467596906825,10.5076949847768,9.17381029278416,10.8744174701999,7.02036487814542,13.7425922540719
"SLC12A8",3.04015925152061,3.23800327901121,5.72964509916643,3.99276491374237,3.6078703564997,2.24495281834322,3.36550473375,5.16284463056946,5.62709675381068,3.08805150043096,3.47870225595425,4.25291889236529,3.69911754499132,8.86746086676305,4.67561624294092,4.71914807375415,5.28381593215421,5.73449101734944,8.81032260151418,9.18588038733906,6.75501041454496,3.8240675770126
"C5AR1",6.54523221740509,6.04184882635468,4.721083271112,6.17588663439255,5.32825596709422,4.67661868442262,4.63226124633486,4.82582821024931,5.43676968578095,8.72588698039904,8.3930678648028,7.42592430309096,12.0493589882107,12.2851128725596,8.04332133750516,10.9081434806582,10.2251519397247,9.79921332618726,9.07116379837351,9.56586521624195,11.3710841985238,13.6197814841634
"CLC",8.31294336982311,8.04881356342502,7.31535505896255,6.52958817435664,4.4948403063598,6.79768735407841,7.53592173262184,6.53885687385918,5.30466101369992,8.40477863035507,8.99694217253107,7.90042952000501,6.45229811572357,6.13486080398268,7.83107585053509,7.43803434777769,6.64115572454201,6.6897758826888,11.9361027728712,11.5978802576884,14.7001275037724,12.1693763189042
"MANEA",2.14945107509436,4.21740502048243,9.36488102331805,5.74654858452048,5.6253918793391,6.01380761373008,8.42708903868759,6.43874578671489,5.09745451108647,4.69944108811009,6.19322178454158,7.06579599749882,6.08957711661304,6.92202743425491,6.36968808434142,6.8827428657341,6.81188100747297,7.03584196342426,6.461544993838,5.13456493509432,2.44630858950438,2.01704587418021
"ANGPT4",4.59228796802141,4.47978393340006,7.85599387755614,5.5136378929779,4.52732988401347,5.50700597597859,6.65240039271037,6.67871401508927,4.92908451383795,4.91927259458361,3.37583957838583,4.764295352288,4.16339404051027,5.33387343347028,4.47366529677614,3.67916491855241,4.23987801604628,3.70251388503244,5.10481527879104,5.01478196675,3.98297932878026,5.15860648929027
"NAALADL1",3.65800202022324,4.0698705101778,3.53126264118669,6.16958550958466,7.70708231033012,7.21264727262596,4.42319978232108,7.24556023486999,5.63140271616551,5.98796517486324,8.43445504880608,7.83932325278991,5.02342520544603,3.94273297522545,3.21550345211677,3.49647295947488,3.05664811960267,4.22194319148776,3.30274938634546,3.6105477857623,4.07621208148139,4.07831233868317
"CCR3",7.08769864215237,5.00653600047472,5.74093612339506,5.70640344114038,3.70907606961803,6.48513791417995,5.78109679590785,4.42524553668565,8.0332469605272,5.26664800234356,7.01347109572831,6.358931664663,6.39919280416561,6.3264615643933,5.92811595464461,5.3252715885337,6.40416178816403,6.06827704132871,5.09503065770331,6.19837182759758,12.6831048473527,10.4880558191434
"TNFAIP6",8.07102217313011,8.02730687570737,7.15157858966554,6.36272152591145,5.23708760431746,6.57361704144069,6.32415050673943,6.01380761373008,7.05403859789072,7.21610650711121,6.96317439375485,7.197890083302,7.87306947749226,8.44362277520983,14.228188571566,8.35033961122114,7.94808226883653,13.1077869791155,7.99017464028121,11.1590541944737,7.67440847961513,11.7573703744952
"EMR2",7.19944292041808,6.74219278951655,6.09116797627827,5.46138239636168,5.83758340703662,6.39683625857015,6.20039556517495,4.47571815582496,6.60395721826255,7.3758690813429,7.45309440864782,6.4666086488918,10.366785661322,10.0307248208273,10.5677598660024,8.51102694863535,9.75489165307833,8.48624016595938,9.69738554356931,10.6068451916485,11.9191463108312,11.9502834775291
"OSM",1.61024183685577,1.89089100662438,1.61024183685577,2.27004956746079,1.7259165103906,2.54053094954564,5.5241113711465,3.8015356925317,7.16642125801003,4.42987034748716,1.706726190601,7.44059575535363,2.34246251102367,2.18291786558847,2.0460879241,2.87166589871328,3.57414311549273,2.18173872710134,3.90176808934615,3.2340303818898,10.6959857181042,7.56405590883337
"PPFIBP1",6.12462180646883,3.56242320990924,4.17369330518938,5.3842640045055,5.55039240395668,4.79615517715357,4.37547702580974,2.69133362954822,5.41918883876034,3.69757367843275,4.50450233635061,3.42668712793284,4.66999333314423,5.22592614919111,2.98297902586831,3.64106141950038,7.77886941752207,6.28034631524634,5.49838518575868,4.97503813433896,3.2539368931818,3.70661824539773
"BCL7A",10.101072624912,8.77779669461784,7.663977564008,6.91010932545036,6.89704484483889,6.31327499041347,5.73489371912435,6.16064117073305,7.52029234197643,5.7759192325619,5.02244544213807,5.9361416742073,5.76384922101424,5.82776824365213,7.04825627720404,7.54486803822706,8.14119625412165,7.73338652360838,7.29752229954569,7.58143061129192,6.33531360913763,6.93411768258485
"SIGLEC1",8.01848077782955,7.23264784825702,6.63691564483596,6.36633141056675,5.82131001367646,6.52470042571791,5.57205150710887,5.81084780941134,7.05840551821252,7.50876297865063,6.6410521726551,6.48889891138467,8.13094218921509,6.87565688698411,12.6031150909133,11.7559687262004,8.80931130701958,11.4220171964102,7.54429257764857,7.19639074262962,6.99292952083329,7.94797061349782
"ITK",8.87651256782543,8.68213728496784,7.59408552226871,12.6601940706095,13.2258003532958,12.9116967966917,11.9497734781228,13.1369654588509,12.8092383276738,12.4988651423913,11.5783420472114,11.9595460451833,6.96695424323807,6.85825764766028,6.51134875487669,6.17524004075208,6.6876172590745,7.38523958092918,10.3939015218106,10.0829339187658,9.35688860055804,8.57542397978299
"CEMP1",4.89980382412783,4.75791964508501,2.76203079721303,3.3947912442187,5.51970430681904,3.20868497630863,3.28548098593762,6.0858856244154,7.72165674412471,7.09443953103594,4.68882126974369,5.59630329617513,3.74606954860747,3.85148241473033,4.32950599114476,5.51240787427725,2.81666699967532,3.13630386403674,3.61149091484523,5.36858920531267,5.79412205537411,4.96782836648799
"BLK",10.8052801823532,11.6817810727548,5.42758903598373,7.10217149766832,6.10851313805937,4.33380187350193,3.51365268091286,6.50551032855058,3.40327670083804,4.44060769220389,3.46684230893873,3.72874489501288,5.1347994036397,4.04649926896926,3.68038046556161,3.94641903497126,4.02554150702372,4.14925767433222,3.53069122865543,3.19612743099301,5.311073389049,3.4414302280938
"IL18RAP",6.00372219416909,5.53561758933602,4.58033253954186,9.08376400772929,6.4053073231872,8.10973259781905,8.52732057190351,6.67925967546036,6.83375895214791,12.1322628762123,12.591817523754,12.4851164143334,6.53949768658741,6.56611821086452,4.69906473296067,5.30891986765087,6.47699021173745,6.49337754981897,7.90853946374236,8.50571922999276,10.8127361870146,11.3742208151696
"CCL18",4.38810492412446,4.50386832858623,5.84822721618739,5.18259763820409,4.66398392466075,3.78929051566643,6.36110797884342,5.0124215066337,4.4308396852797,6.78783255238486,5.32691238284331,6.33115340174943,5.38133005546319,11.4620005190842,10.2917784294989,13.5905135133975,10.7304355715292,10.7737871552548,8.72829632122568,9.86384942430202,5.60938442098019,5.65903307670914
"GPR97",7.27993650185472,7.15409550743477,7.70494872106495,6.72708904985108,5.86173905802787,7.12368044477636,6.57600534287102,5.35102671870943,7.09814143404725,6.61378281498651,8.21025549793093,8.71120903232816,6.1752028585928,6.63471463151324,7.11425854699097,6.54211339252317,6.91005740367567,7.12590471529768,8.03595986131175,8.85136863877382,12.1619809813423,11.1344151238885
"HIC1",2.60699925979426,2.34867970662064,2.96260769786768,3.1953362057114,4.30716341290755,2.80147918752902,3.01041484998952,2.93237076879459,6.47715463960062,3.63803951569478,4.06035426277595,5.42029694081534,3.00320983376866,2.89385051320414,3.76317315632062,2.8527681135603,3.10262063642484,3.71761461380828,3.31289560216586,3.17837628146723,3.7896592534107,3.08348773934963
"IGKC",14.7294890491378,14.8848892019965,15.1566140611908,11.597342247613,8.9371673400864,5.37026615646717,6.10617822302843,8.3689336813017,8.46223130636541,11.0089499248667,8.34588057733948,6.93796202556566,8.31772692197016,6.30515538102395,7.88846385216881,7.42488937701339,6.02650991437548,7.80950256479466,6.66826692469509,7.35681882810441,10.11565112972,6.91882511027549
"ABCB9",4.05341928421851,4.52949535035291,9.35401202398729,4.65670932282372,5.1965876557829,4.95643737466376,5.30215169666123,4.21760258498833,5.55684802567129,4.3726541708181,4.5149884252909,4.12069554571957,4.41341980918843,5.83925135189738,4.92509166503964,5.37121941194528,6.9657070176174,4.60789858400602,5.76730405783808,4.62150954016086,4.94422322928657,5.11599650013329
"C11orf80",9.05758365438455,8.62487426962679,11.0991550655701,7.35389478939786,6.53115402082218,7.31754732263001,7.12917316699305,7.10812575787061,6.5396972868132,7.23214935930849,6.66519448349748,7.14984200101505,6.437501257992,6.64867195309035,5.14928899150399,6.48124337675999,6.71101051344102,7.15851346292619,7.21531369440258,7.16892419647538,7.30441371502055,6.68171349578892
"RGS13",6.17524004075208,6.15969410866439,8.08168413863097,4.80327716921655,3.60920000755875,4.53746365291612,3.14454868699728,3.1655545319533,4.84404196108391,5.93097204448017,5.21998896875177,4.95157600107027,4.30275738888249,3.32787657975852,2.61745251922675,2.27160727122289,2.34582026247818,5.15678806846105,11.5067750065078,11.9140096278873,10.6366401013396,4.38089717421311
"CD247",4.62455673763932,5.77321244377739,6.05642309505236,12.4277125860525,12.7812647511462,12.3771315401303,11.0750586656232,12.3727730644266,13.2504456560475,13.1564674574717,13.9748160488083,13.8831462944206,5.18086634020931,4.63973465232696,4.80393571546815,6.37223302491536,5.48152424203264,5.0654659442397,7.01643154135434,6.73343352802558,8.84590595509639,5.92689725285339
"DGKA",8.74135818017083,8.848652992299,7.65552141546184,11.1189519473856,11.5827316975257,11.3939379919866,9.72596125430264,11.9149613057314,11.5287715717927,9.10661772491465,8.62362424973201,8.23894828931472,8.23818777177278,7.41857549092043,7.40960211001959,7.76089530067306,7.6390063554103,7.89038440701421,7.22413357971029,7.02557750023224,8.75020238008021,8.30003019764144
"TYR",4.04367075698836,4.02174329544348,4.00731485974291,3.53942523521602,5.50405138996499,7.6300007918652,5.2649182195194,2.96688046831766,10.7972603562834,8.25528773626591,6.18979777568968,5.7053851376602,3.91341628126645,5.22165405186914,4.70205772961599,5.03570463945488,5.0760215680167,3.73482133495325,7.16759263162856,6.72062404261865,3.8215431006628,7.24635194228539
"PBXIP1",8.64712085388845,9.8439563397433,9.65210209616527,10.5711124766645,10.0657305850349,11.6382263817136,7.59310715079803,10.6560686059112,11.5729800149368,9.1597664016155,9.04676959534175,7.6152736392646,7.99137917660606,6.34157204686942,7.63355944292404,8.68605764217673,8.18850036313765,9.1391393529822,7.44482067792617,7.67361242626691,9.70751661987924,9.9381433188611
"FZD3",6.93743264387162,7.12257515037419,7.50908445350315,5.67990664601133,6.60911146538477,5.32342738262248,7.10374190992788,8.81435426236748,6.01359598674905,5.90711100309717,4.92766069553765,5.31570000343393,5.34725303541158,5.01510422063111,5.07178096840138,7.61728944833457,6.30163042220621,4.66143505777745,5.90317836312729,6.11343669360905,4.8581531466301,6.20962384233856
"FOSB",7.65111846129263,7.93314921996347,11.507951250315,5.41457038653824,8.65305426975101,5.92383824632635,5.05118193275812,12.5103312264693,4.70011278527008,5.26826753001715,5.05435342874804,5.03353963001699,11.7412354097846,4.92315145720876,4.59517097877794,4.55443120622384,4.89847038928143,5.54938529809494,6.55190537477535,9.33440435540545,12.8389300879269,6.34254145552671
"HLA-DOB",12.6900710503251,12.238935928005,12.0662696317919,7.73657613950292,5.79026887382024,5.61362759366268,5.49187624146086,6.898047229261,6.88329081825908,5.49693279841044,7.85439999097351,7.56468468049705,6.68905546289071,5.66298311463506,10.6203915124996,5.41198600177937,5.25861127609702,10.9715066426145,6.01117804593372,5.63569665968825,7.83822637705735,6.61303770270928
"ZBTB32",3.44058236092305,7.60137139142728,3.80033135001502,4.84975462087705,4.91324887855394,3.13275703570681,7.55759630550437,4.68474792428166,6.82763795756761,4.94566835680213,4.11666227354633,3.74277328237621,3.52688079413226,3.49637323490907,7.8075116378874,3.99837380490825,3.53195886965874,6.18795312311097,3.58738563981155,3.30041912868183,5.8768840638977,3.73077891091523
"BRAF",11.3291258017157,9.92972175258186,8.94564633294704,7.48939124367211,6.67280323472955,7.29049279349467,7.48665246113437,6.68826465697004,9.21510410806457,8.78799412551487,8.22746894563583,8.01223290280491,8.05462199483455,8.29430422133837,8.53438301352386,7.585028269585,7.85234210199228,8.49610837945537,7.27128244907897,8.24242992092871,9.85568218766663,9.49641431147815
"PASK",9.00806023034441,9.29700951228537,9.40052808979107,10.4942450203454,10.0195822236594,11.1757675027512,9.94202976620211,12.8708317856571,10.4755953258182,7.86831049449156,7.61246286940115,8.00713046146477,7.20661372262314,6.84792054188391,7.91878211618644,7.79714772535779,7.32872176412213,7.56711666707082,7.57610669107656,7.42456988625164,8.69189387156053,8.02859928427416
"IL26",2.83201218238644,3.10833060626035,4.76904637103407,3.07226362096991,3.1541889032081,3.39676056753282,8.10103337715496,6.87771856582295,4.44762931577678,3.55304916466375,3.11958498709547,2.61745251922675,2.14553329553506,1.80369406167071,2.4141879581622,2.42389507624002,2.42108428123437,2.46777494468247,2.01157783111239,5.28597564866964,2.53014622821919,2.47447928399715
"CD4",7.12368044477636,6.89907006427407,8.45949843436327,7.37461292677524,11.285557938868,11.8577399854614,10.7535634608556,12.0914407362527,12.4319367299372,8.64579367989984,6.35888302874267,6.26621608167517,11.707750018847,9.11193175117015,10.6214446283283,13.3029739630839,10.389901660896,9.45552993019948,7.747295954677,8.17384586454797,7.36316313368718,8.51395320279016
"SH2D1A",4.99396476795224,4.6291113737217,4.17157686214756,10.2879547527306,9.83136662381288,10.405026636639,10.5367121684874,11.5436887065941,11.0073387600546,10.5730203290756,10.3409653960276,9.72401605741175,4.27932386577669,4.19676131986905,4.21215304726979,3.63118754058399,4.13031465970311,4.83938099812373,4.53428471967555,5.49030021051987,4.92179359591092,5.42206809404162
"FCGR2B",11.7274357603193,12.1468575861078,11.375603007085,6.06550971726915,3.21035739445933,4.98634437632358,5.92887399932077,6.77554852912748,7.00123694575851,6.93087750513229,6.91820870381108,7.51161053221485,8.17312162000372,9.95560366165529,8.28685750609465,10.5979999348429,10.5795356517897,7.11065149880916,9.29452654954635,10.6540961519471,9.33746132466608,10.3477623881608
"LY86",12.7625860252711,12.9227650530938,9.67244103101796,8.58478182191007,8.64339367814367,7.64062160834745,7.47366070598855,7.71079329030891,8.57113328652729,10.6305534256166,7.93142243904813,7.81426590789232,12.3495752141945,10.8406057645637,10.2849649235168,12.6430833393597,10.9644955390823,9.23386420794239,8.22120741196353,7.795203408341,9.35638806412883,9.43626413446535
"MS4A6A",10.1084868194576,9.26935048645447,8.35469933695824,7.79569075123094,7.3997221766906,7.76400566215344,7.48153153444281,7.23123089210455,8.82679064303153,11.07060309646,7.8054829183751,7.59113175063641,13.1058759398867,8.07418507109755,8.65664768363752,13.980869846423,11.8706219541449,7.39605809997266,9.4623705433117,8.97376226990896,8.67855632029111,10.1518020520004
"PLEKHG3",3.63118754058399,3.56139787712649,3.594412892816,8.20224507419155,6.28048048441715,9.13119326931833,6.74992429367128,4.75562325142956,4.22903820196708,9.85922879745182,9.74229523410053,8.31646710945792,8.70960046788109,7.10897226462935,9.20895843561335,7.50201374803104,4.73761958422285,4.48679579034116,7.68493342921319,5.27363588613069,10.502513343953,10.6476840358845
"HSPA6",6.1628867565037,7.22195354826614,4.22851310994496,6.75110095178642,6.50230165777018,4.47974825572664,4.41594300391825,8.02342283738727,8.48844875685009,6.31649141011861,7.53789957389315,8.1549790248632,9.32691078405357,4.54906681468167,7.13814597119562,7.70389068600334,6.05122547560091,4.43170840778275,6.13403083285702,7.02264178032653,9.50792846476486,11.6900340558102
"QPCT",4.05223354152091,4.74341308717564,11.1511919755489,4.6458868530712,2.14130950488532,4.53746365291612,6.04629439511932,1.59062641534989,3.72279668834507,4.55446015140047,6.13735882196808,5.63007352985217,10.551637186234,11.3705546950975,6.84342127670982,10.3212065962893,10.6255258685115,8.71966290593587,7.88817221582029,7.95922274110772,5.31026029242909,11.6605158309947
"AIF1",4.64813742846653,4.41426132144052,4.52165213745036,9.53880161978616,9.49108102147787,5.17681134300245,5.34016203048868,4.32752098123693,4.92443415252323,10.0874093478316,6.7378834787709,4.59517097877794,13.079598115271,10.8472684152625,10.6548405786965,13.5032406857843,11.6823980828105,4.80342642150651,10.8549650725266,10.7087651839361,5.70532725539986,12.6123249588235
"ASGR1",5.38784964081512,5.44287143922587,5.44668319318551,3.72124240962664,3.56392006760582,3.83533893468626,3.20093606220083,2.61404342915623,4.36153181312317,8.25641374426579,3.56363464027072,4.02216852090787,9.93325863616775,6.77770758927931,4.71349025409291,7.28993899869682,6.27008352862096,5.11763782654356,5.80779240606112,6.0634161109368,5.37136395667977,6.24930648391852
